{"accuracy": 0.9818, "throughput": 1207.5127529612002, "latency": 1.386089714205995}