{"accuracy": 0.982, "throughput": 3348.1153807530686, "latency": 0.7173253565418477}